Start,Stop
318,375
1872,3012
3121,4464
6030,6111
7348,7419
8065,10593
11487,11547
13814,14814
16219,17325
17790,19323
21652,23085
24950,25002
25348,25839
26412,26643
27750,27870
28153,28254
28867,28920
29042,29103
29350,29415
30321,30429
31604,31659
32197,32535
34654,35619
35802,35988
36916,37029
37930,37986
39385,40470
40705,41730
41800,43188
44234,44334
45325,46434
47405,47994
49585,49878
50514,50604
50966,51081
51775,52389
53820,53925
54235,54672
56214,56271
56542,56634
56812,57261
57548,58638
58897,60189
61723,61806
61938,62028
64144,64659
65009,65064
66160,70656
72062,72114
73703,73803
74239,75228
75522,75618
76010,76125
76262,76320
78686,78783
79300,79374
79536,79632
81658,82617
84451,84849
87284,87348
88888,94767
97286,97356
97733,98412
99052,99105
103318,103836
104134,105099
108074,108285
108503,108570
111302,111426
111835,111900
111966,112029
112851,112923
113528,113622
113815,113895
118001,118956
119060,119136
122104,122520
122795,122889
123760,124062
124495,126363
126648,126729
127673,127725
127866,127968
128634,128712
129694,130230
131398,131460
132237,132303
135798,135861
136391,136464
136655,136713
136780,136992
137323,138897
139960,140853
141052,141336
141376,141705
142480,142539
144097,144273
144397,144840
145409,145560
146849,147381
149616,149709
150232,151173
151402,151890
152833,152892
154059,154131
155805,155943
162898,162984
163116,163200
163439,164298
164365,164424
165565,165639
165761,165834
166141,166236
167086,167943
169510,172008
172116,172230
172450,172509
175486,175557
178646,178710
179720,179862
180052,180900
181007,182184
185880,187863
187957,189528
189625,190398
190466,190521
190696,191916
193417,193473
193559,193629
194455,194547
194725,194862
195793,196611
196782,197463
197512,198204
199227,199290
200971,201096
201217,202590
202782,202848
204788,204843
205819,207408
207739,209271
209470,211389
212346,212469
212824,213285
217860,217935
220762,220968
221166,221226
222597,222654
223490,223569
224027,224079
228195,228279
229720,229824
230374,230724
232993,233067
233365,233436
233491,233865
234916,234978
236268,236340
238198,238305
238436,238521
238663,238755
240164,240267
240557,240651
241382,241686
241800,242019
242414,242517
243027,243237
244219,244326
244457,244542
244684,244776
246185,246288
246578,246672
247403,247707
247821,248040
249112,249165
249541,250563
250789,250857
252336,252441
253184,253308
253465,253665
254288,254415
254707,255780
256494,256590
258739,258822
259175,259470
261349,261426
261565,261618
262657,263262
264432,264486
264654,264729
265768,265854
266303,266403
267010,267372
269067,269154
269540,269619
270855,271158
271324,272502
274492,274587
275569,275676
276212,276294
282755,282819
284365,286011
286219,287718
288955,289038
289558,289617
290202,290364
290593,291228
291447,291561
291662,291762
294739,294891
298232,298293
299302,299394
300277,300351
302172,304140
304234,304305
309032,309171
309626,310719
311830,313662
316351,316404
316728,318375
319009,319158
319421,319524
320542,321279
321495,322128
323557,323700
326149,326214
326618,326835
327941,328005
328759,328836
329923,330999
331607,332688
332989,333132
333922,333984
335620,336426
336541,337161
337394,337473
337669,337746
338614,339087
340360,340437
340736,340857
340945,341754
343873,343929
345119,345276
345847,345957
348583,349065
349401,349458
350277,351264
355643,355698
356567,356634
357290,357705
358024,358080
358183,358359
360170,360507
363274,363336
363768,363831
366508,367032
367533,367593
368706,368790
369227,369297
369408,369462
370032,370095
370446,370584
371243,371505
373617,373725
377385,377595
378744,378804
378964,379728
380324,380409
381847,381918
382016,382089
382235,382287
383710,384726
386047,386130
386780,386847
387697,388467
390773,391473
391604,391677
392126,392184
392262,392427
394628,395529
395602,396111
396767,396927
398210,398268
401383,401580
401894,402000
402187,402348
403278,403725
404917,404994
406259,406359
406827,406884
407366,407418
408792,408846
410536,410607
412830,412899
414095,414192
414480,414543
414896,415227
417243,417303
417535,417960
418891,419373
419999,420108
420335,420483
423909,424026
426241,426606
431572,431658
432026,432099
434479,434544
436099,436158
436378,436485
436821,436977
437480,438882
439009,439212
439306,439383
440153,440220
440758,441570
441746,441804
442643,442737
452524,453093
454534,456936
457021,458913
460799,460866
466517,466599
468508,468561
468617,468702
468856,468936
469370,469500
470227,470292
471512,471798
472411,472644
477530,477588
478718,478818
478983,479067
480779,480855
481250,481332
481506,481596
482105,482193
482462,482544
482713,482868
483482,483891
485349,485406
485879,486141
488796,488877
489905,489987
494011,495561
496481,497919
501436,501540
502088,502140
502221,502362
502480,502539
503188,503250
505355,506223
507883,507969
508879,508950
510722,511212
511966,512208
514712,515058
516091,516636
518597,518706
519742,519798
520426,520791
521601,521667
521858,522591
522797,522969
524986,525042
525301,525357
529231,529419
529735,529812
530515,531108
532697,532773
533066,533154
533402,533457
534307,534756
536120,536232
536716,536793
539365,539763
540309,540369
540421,541467
541688,541776
543062,543129
543183,544137
546786,546900
547520,547617
553078,554493
554954,555060
555222,555318
557373,557448
558037,558480
561481,561774
567715,567774
568887,569016
570916,571185
571715,572559
572599,572676
573737,573804
576403,577584
577629,577743
578069,578151
579953,580047
581284,581349
582241,582300
582759,582816
583921,584010
586083,586137
586711,586767
589065,589362
590324,590409
591250,591348
592560,592683
592732,592869
593616,593685
593792,593910
594092,594267
595135,595842
596570,596631
597050,597105
598525,598578
599022,599088
599971,600075
602667,602796
603159,603237
604944,605076
606297,606354
606952,607053
607372,608199
608812,609588
612678,612738
615643,615702
617072,617235
623251,624423
625045,625395
626429,628971
630629,630684
630759,630900
631042,632811
633709,634251
635930,635991
636712,636819
637373,637440
638165,638370
639541,639774
639985,640098
640300,640632
641062,641151
643845,643902
645556,645858
646034,646137
646304,646410
647587,649404
652604,652668
653041,653982
655113,655173
655996,656112
657998,658065
659069,659475
659572,660312
660398,660489
661780,662025
667754,667821
669086,669228
669317,669381
670309,672339
673436,673629
674040,674178
674410,674568
674728,674784
676886,676995
677372,677442
679617,679686
679895,679986
682722,682845
683519,683601
684287,684357
689923,690873
694032,694095
695555,695718
696883,697590
698525,698733
698785,699420
701907,702084
702577,702663
703300,703353
703944,704148
704277,704331
704452,705387
705729,705858
706339,707292
708428,708531
708745,708843
711690,711786
711835,711888
712603,713244
713512,714306
714900,714954
715038,715116
717054,717231
717670,718449
719653,720504
723549,723681
726034,726393
728624,728850
730072,730128
730516,731751
732022,733014
733083,733158
737269,737733
737989,738171
739729,740598
742276,742557
746530,747222
748198,748281
748537,749205
752915,753003
753490,755295
756693,756762
758357,758430
758656,759396
760146,760224
761552,761613
763798,764307
766351,766797
767578,767742
769639,771012
771456,771552
771956,772326
772996,773700
774371,774429
775744,776247
777891,778032
778114,778185
778540,778617
778745,779490
779875,779937
781343,781404
782100,782175
782690,782778
783901,784788
786886,787002
787045,787110
787765,787842
788642,788736
790223,790509
791008,791085
791977,792867
793777,795030
795184,796062
797823,798105
800110,800925
800965,801297
803013,803163
804382,804729
807036,807222
808299,808383
809662,809781
810985,811620
811924,813189
813525,817878
824021,824118
825727,825813
826703,826755
830920,830997
831041,833073
835939,836748
836857,836916
837548,837651
840902,840987
841268,841341
841668,841746
842679,842781
843949,846579
847551,848109
848921,848979
849313,849402
850216,851184
851472,851565
852182,852240
852719,852837
853757,853863
854443,854748
855166,855243
858499,858705
862790,862848
863548,863610
867079,868800
869490,870480
871948,872121
876121,876201
877612,877797
878017,878070
879254,879339
880027,880080
880468,880524
880693,880851
881978,882048
882803,882864
882962,883026
883200,883290
883728,883782
884170,885270
885440,885579
887524,887589
888075,888129
888684,888942
890752,890820
891277,891831
892192,892512
894657,894762
899253,899334
902429,902751
903526,903840
904078,904143
904900,904962
905961,907524
907720,907830
907979,908079
908775,908862
910516,910683
911670,911727
912427,912588
913102,913155
914187,914250
914405,914463
914607,914688
915898,915996
916047,916164
916823,916938
917164,918117
920137,920217
921141,921303
921537,921597
923161,924540
927911,928308
928641,928695
928738,929742
929820,929892
930220,930693
930989,931077
932317,933882
936253,936603
939105,939819
940316,940383
940810,941484
942148,943497
943953,944013
945520,945912
947101,947604
948442,948495
948754,950220
952318,953769
953842,955740
957800,958764
959210,959622
960748,961221
963114,963171
964367,964443
965438,965490
965622,965679
968076,968151
968382,968484
971335,971394
972065,972159
972719,972771
973137,973221
974079,974220
976191,976356
978804,978858
979762,980064
983773,983868
984327,984447
984505,984597
984903,984975
986722,987180
987272,987501
990159,990243
991810,992865
994844,994953
995210,995298
995516,995583
995787,995883
996220,996279
996396,996489
996792,996903
997280,997335
999022,999690
999905,999966
1001298,1001376
1001503,1002291
1005134,1005222
1005783,1005855
1005981,1006059
1006962,1007082
1008725,1008816
1009130,1009203
1011307,1011360
1011481,1011561
1013770,1013838
1014220,1014306
1014706,1014774
1015153,1015608
1019193,1019337
1019545,1019970
1020022,1021383
1021486,1021569
1023264,1024680
1024766,1025010
1026376,1026855
1028901,1029003
1029301,1029378
1029965,1030023
1030256,1030338
1034688,1034757
1038863,1038915
1039297,1039749
1041243,1041315
1042152,1042248
1042806,1042890
1043992,1045014
1045776,1045836
1047490,1048185
1049263,1049499
1049983,1051041
1051341,1051425
1052044,1052109
1052509,1053429
1058058,1058115
1058457,1058511
1061105,1061157
1063695,1063758
1064069,1064202
1064521,1066377
1070597,1070667
1072231,1072398
1072524,1072599
1073146,1073568
1074738,1074813
1074976,1075068
1076989,1077543
1080095,1080150
1080423,1080489
1081183,1082817
1084181,1084347
1085400,1085490
1085806,1086078
1086828,1087434
1088941,1090362
1093000,1093773
1095430,1095489
1098869,1098921
1099318,1099458
1100277,1100355
1101118,1101213
1101284,1101387
1101920,1102062
1102858,1103757
1106044,1107759
1108936,1109022
1110769,1113627
1114343,1114404
1115647,1116513
1117093,1118079
1119031,1121022
1121098,1121808
1123307,1123389
1127719,1127829
1128206,1128258
1129043,1129122
1129412,1129524
1129954,1131501
1132861,1132920
1134188,1134267
1137029,1137168
1139652,1139712
1140010,1140087
1140430,1140693
1141305,1141455
1144421,1144509
1146028,1146177
1150124,1150200
1153010,1153062
1154119,1154214
1157455,1157565
1159490,1159830
1159873,1159962
1161220,1161675
1164145,1164252
1164393,1164600
1166351,1166403
1168027,1168368
1168993,1169541
1169981,1170060
1172947,1173003
1173643,1174122
1174470,1174560
1175194,1175280
1175671,1176156
1176304,1176654
1177309,1177365
1178228,1178280
1178586,1178724
1180878,1181088
1181338,1181625
1183039,1183101
1183156,1183233
1184050,1184193
1184818,1185330
1188949,1189788
1190023,1190079
1190435,1190532
1191460,1191528
1193253,1193358
1193844,1193913
1194353,1194522
1194798,1194867
1196898,1196955
1197172,1198047
1198920,1199001
1200683,1202082
1203634,1204998
1206490,1206543
1207111,1208571
1210848,1211031
1211719,1211853
1211935,1212990
1213636,1215087
1215481,1215594
1216689,1216752
1218175,1219122
1219178,1219767
1219936,1220904
1221133,1221210
1221818,1222056
1222612,1222668
1222765,1223829
1225300,1226781
1227400,1227486
1227556,1228266
1228669,1228746
1228994,1229052
1229967,1230021
1232272,1232838
1233626,1233762
1233904,1234434
1234779,1234842
1236172,1236246
1238832,1238931
1242100,1244508
1246342,1246485
1248890,1249344
1250600,1252560
1253510,1253568
1253822,1254171
1255357,1257069
1257260,1257372
1258118,1258209
1259530,1259841
1259917,1261728
1263829,1264629
1264808,1265388
1265645,1266003
1266045,1266564
1270844,1272261
1272965,1273080
1274271,1274409
1275958,1276026
1278741,1278807
1279255,1279377
1279552,1279611
1282167,1282242
1284470,1284552
1287376,1287591
1287710,1287777
1288261,1288926
1289188,1290126
1290241,1291524
1293088,1293654
1294360,1294902
1294971,1295775
1296007,1296084
1296691,1297551
1297823,1297875
1299964,1301268
1301551,1302453
1302879,1302954
1303027,1304436
1304905,1304970
1305284,1305450
1305850,1306092
1312421,1312497
1312941,1313034
1313761,1313850
1319677,1320375
1320675,1320759
1322410,1323327
1326440,1326507
1326876,1326933
1328609,1328694
1329206,1329372
1332293,1332366
1335338,1335393
1335811,1335951
1336251,1336305
1339235,1339446
1340320,1340877
1342682,1342758
1344523,1344672
1344960,1345047
1346846,1346904
1350119,1350171
1353097,1353381
1356445,1356606
1357731,1358697
1359352,1361523
1364770,1364841
1365717,1365855
1366457,1366536
1366857,1366911
1367718,1367781
1370769,1370853
1373015,1373079
1373553,1373607
1373940,1374000
1374363,1374438
1375356,1375431
1375896,1376928
1378840,1379901
1380007,1380561
1381285,1382565
1383007,1383393
1384987,1385055
1385704,1385931
1387689,1389210
1389487,1389597
1390222,1390671
1391436,1391490
1392105,1392234
1392514,1393380
1394599,1396026
1396346,1397046
1398579,1398633
1399702,1400796
1401343,1402359
1403453,1404678
1405683,1405776
1406410,1406466
1407406,1407489
1408559,1408797
1410148,1412421
1413646,1414719
1415152,1416693
1417550,1417716
1417843,1418685
1418803,1420095
1420931,1420995
1423255,1423833
1424633,1424691
1426682,1426749
1426888,1426947
1428442,1428939
1429582,1429665
1429765,1430127
1433148,1433217
1434052,1434276
1434661,1435209
1435449,1435533
1436600,1436652
1436847,1437012
1438175,1438689
1440948,1441296
1442630,1442721
1453100,1454310
1455260,1455321
1457066,1457127
1458980,1459032
1469943,1470033
1470832,1471026
1473313,1473408
1474724,1474776
1475454,1475523
1475944,1476651
1477667,1477794
1478088,1478145
1479930,1480029
1481857,1481919
1483549,1484544
1485999,1486245
1499875,1499955
1505845,1505964
1506412,1506513
1508710,1508766
1513436,1513605
1523964,1524054
1524154,1525962
1527540,1527618
1529172,1529277
1530727,1531353
1531930,1532010
1532954,1533321
1536498,1536552
1538397,1538517
1540016,1540086
1540744,1540836
1542286,1542351
1544056,1544115
1547734,1547865
1548034,1548456
1548701,1548819
1549714,1549845
1550152,1550289
1556032,1556109
1560691,1560870
1562330,1562382
1566951,1567071
1572798,1572876
1574914,1575093
1581992,1582218
1590375,1590456
1595686,1595742
1595819,1595892
1596277,1596366
1601151,1601214
1603903,1604010
1613809,1613871
1614920,1615029
1616145,1616205
1620154,1621188
1623843,1623933
1626876,1626942
1627170,1627278
1627812,1627881
1635431,1635651
1639120,1639722
1650218,1650291
1651005,1651080
1651535,1651707
1655644,1655721
1656173,1656249
1656404,1656531
1658125,1658268
1659580,1659705
1664574,1665405
1665446,1665501
1672665,1672752
1677409,1680009
1680292,1680375
1681561,1682628
1683019,1683207
1684542,1684608
1686120,1686189
1690748,1690839
1695520,1695606
1696280,1696371
1702719,1702860
1708312,1708518
1710143,1710285
1711672,1712637
1713019,1713090
1717795,1717884
1720622,1720740
1724395,1724511
1724611,1724712
1726125,1726209
1731775,1731903
1731955,1732893
1734440,1734534
1741584,1741728
1741777,1741857
1745553,1745703
1747480,1747542
1750730,1750851
1754446,1754526
1755142,1755282
1755342,1755480
1756298,1756374
1761950,1762065
1763941,1764843
1766539,1766619
1769479,1769700
1770237,1770369
1771254,1771587
1771772,1772040
1773514,1774773
1775471,1775541
1775625,1775739
1778309,1778361
1781694,1782168
1783762,1783893
1792640,1792743
1795681,1796925
1797504,1797576
1798189,1798248
1805752,1805928
1809835,1809900
1812500,1812600
1813693,1813758
1815539,1815639
1817764,1817922
1826015,1826088
1828117,1828239
1829070,1829220
1830186,1830291
1833074,1833339
1835044,1835109
1835966,1836114
1836750,1836840
1839962,1840284
1842893,1842990
1845031,1845141
1851474,1851624
1853401,1853463
1854752,1855521
1857650,1857795
1857856,1858611
1862423,1862529
1864011,1864113
1867126,1867323
1874041,1874529
1874828,1874880
1877454,1877607
1879673,1879824
1879983,1880172
1881582,1881663
1882320,1882398
1885312,1885488
1887109,1887204
1890951,1891017
1892599,1892712
1893287,1893387
1896705,1896951
1897953,1898052
1899444,1899687
1899967,1900032
1901124,1901208
1901590,1901667
1902283,1902414
1902740,1902888
1904221,1905864
1905958,1906551
1914284,1914417
1916161,1916448
1916939,1917072
1918363,1918593
1918681,1919505
1919915,1920066
1920523,1920624
1923925,1924113
1926420,1926489
1931672,1931733
1938300,1938480
1939871,1939980
1940072,1942638
1946562,1946628
1948289,1948353
1949933,1950021
1950410,1950534
1951356,1951434
1951775,1951836
1954738,1954800
1955643,1955775
1956225,1956426
1958218,1958376
1958536,1958589
1959642,1959762
1962350,1962408
1963738,1963806
1963852,1964457
1964894,1964973
1967261,1967358
1968012,1968081
1968213,1968324
1971337,1971546
1981774,1982640
1984056,1984227
1985216,1986345
1988637,1988721
1989805,1990812
1991047,1993326
1999394,1999557
2001554,2001639
2004245,2004366
2016460,2016612
2018689,2018808
2025097,2025198
2028794,2028846
2035132,2035203
2035506,2036505
2040274,2040933
2042714,2042787
2044043,2044107
2044331,2044461
2046161,2046261
2046910,2047032
2048344,2048634
2049576,2049723
2050639,2052114
2054198,2054250
2054938,2055102
2055466,2055555
2055630,2055684
2055787,2055873
2056410,2056515
2057489,2057541
2059251,2059338
2059669,2061207
2062263,2062356
2063638,2064219
2064479,2065506
2065698,2065818
2066457,2066580
2067480,2067546
2068115,2068245
2070486,2070570
2072982,2073039
2073785,2073903
2077474,2077569
2078605,2078685
2084134,2084193
2085702,2085828
2086171,2086236
2099395,2099451
2102608,2104062
2104253,2104359
2105059,2105115
2116069,2116248
2117259,2117382
2118716,2118771
2121607,2121669
2123377,2123502
2123558,2123646
2130551,2130795
2134576,2134635
2135134,2135190
2140384,2140476
2141070,2141814
2144874,2145024
2145127,2145513
2146617,2146815
2147496,2147592
2151749,2151801
2162498,2162574
2169531,2169588
2170530,2170647
2170822,2170893
2171796,2171964
2172710,2172801
2178526,2178585
2181110,2181168
2181329,2181411
2184277,2184405
2185398,2185464
2186054,2186142
2189881,2190402
2192870,2192922
2194399,2196339
2197267,2197728
2198710,2198763
2198832,2198886
2209896,2210004
2213449,2213571
2215701,2215791
2223043,2223204
2232973,2233029
2233150,2233791
2233867,2233953
2234357,2234418
2234976,2235066
2239701,2240013
2241187,2241327
2241470,2241567
2242543,2242611
2246457,2246529
2247040,2247111
2250431,2250498
2250987,2251056
2252954,2253114
2255908,2255979
2257010,2257119
2257881,2258019
2258697,2258814
2259231,2259303
2259848,2260041
2261329,2261412
2263058,2263200
2266103,2266254
2267150,2267421
2268593,2268657
2273095,2273262
2280341,2280444
2285442,2285505
2286839,2286924
2289983,2290074
2291127,2291220
2295205,2295279
2297338,2297679
2297834,2297967
2298097,2298210
2298802,2298882
2302726,2302845
2305180,2305602
2306828,2307714
2308847,2308905
2316524,2316645
2318924,2319036
2320848,2321775
2323013,2323335
2324548,2325408
2325775,2325834
2326941,2327001
2327461,2328330
2329327,2329389
2331163,2331231
2334187,2334252
2335349,2335455
2337786,2337843
2339161,2339418
2339611,2341071
2341830,2341887
2346941,2347017
2350175,2350320
2350488,2350548
2351863,2351931
2354813,2354868
2357041,2357145
2357229,2357424
2358206,2358366
2358447,2358567
2361275,2361360
2367078,2367312
2377343,2377473
2378978,2379048
2382263,2382363
2384809,2384931
2387335,2387397
2394172,2394261
2396117,2396175
2399542,2400243
2400610,2400666
2401870,2401941
2408258,2408352
2410468,2410560
2411152,2411238
2412283,2412354
2412614,2412681
2414319,2414436
2415436,2415525
2418871,2419770
2421874,2421984
2431570,2431638
2431903,2432028
2432229,2432325
2432442,2432583
2432763,2432907
2433620,2433771
2434157,2434311
2437078,2437152
2440494,2440644
2442131,2442369
2442672,2442780
2443578,2443638
2443741,2443902
2444676,2444745
2446746,2447913
2448052,2449155
2449353,2449410
2450092,2450271
2450437,2451798
2453576,2453628
2453675,2453832
2454026,2454174
2454231,2454525
2454692,2454897
2455190,2455275
2456818,2456892
2457512,2457579
2457909,2458029
2459062,2459124
2459819,2459916
2460150,2460327
2460594,2460879
2461219,2461692
2462062,2462124
2462610,2462667
2465419,2465493
2465682,2465784
2466713,2466810
2472974,2473128
2474166,2474277
2478036,2478138
2478662,2478735
2482573,2482743
2483082,2483199
2483524,2483577
2486612,2486904
2489638,2489772
2491361,2491455
2493167,2493219
2494735,2494887
2496292,2496495
2497411,2497464
2498855,2498955
2501114,2501223
2501602,2501709
2501980,2502051
2503254,2503329
2510080,2510235
2515314,2515455
2526099,2526204
2536330,2536494
2538703,2538789
2538904,2539041
2541687,2541744
2542634,2542755
2546167,2546328
2548323,2548404
2548654,2548719
2549093,2549265
2556151,2556213
2560102,2560248
2562158,2562315
2562515,2562675
2575186,2575251
2578370,2578515
2585420,2585505
2586004,2586060
2591796,2591862
2592340,2592546
2592967,2593020
2593640,2593743
2594911,2595543
2599306,2599383
2612682,2612874
2614017,2614131
2614691,2614746
2617604,2617800
2627232,2627352
2627793,2627883
2631063,2631117
2633181,2633262
2635327,2635464
2637645,2637708
2643928,2643987
2646459,2646558
2648278,2648466
2653793,2653854
2654065,2654118
2654411,2654481
2662879,2663091
2664515,2664591
2664784,2664975
2669066,2669994
2670643,2671134
2675503,2675640
2677681,2677743
2682869,2682921
2683187,2683263
2684385,2684454
2685414,2685480
2688722,2689323
2692894,2693001
2693187,2693547
2694220,2694318
2694998,2695110
2695347,2695404
2697409,2697471
2698587,2698665
2702770,2702919
2703376,2703501
2705203,2705298
2708657,2708730
2711035,2711103
2711206,2711301
2712931,2713365
2714109,2714217
2718424,2718783
2721900,2722095
2727047,2727114
2728057,2728110
2730263,2730336
2732954,2733015
2733625,2733726
2733934,2734086
2734750,2735076
2735783,2735931
2737473,2737557
2739212,2739291
2741173,2741256
2745907,2746377
2746423,2746878
2749423,2749530
2756210,2756361
2758046,2758134
2759238,2759313
2760472,2760534
2763854,2763915
2766720,2766795
2771599,2772612
2773234,2773608
2778297,2778411
2782482,2782548
2785331,2785488
2787628,2787711
2793593,2793669
2796674,2796774
2796984,2797098
2798626,2799087
2802022,2802090
2803188,2803245
2803447,2803644
2804111,2804169
2806831,2806914
2808135,2808231
2809436,2809488
2811645,2811717
2812536,2812617
2818124,2818215
2820587,2821587
2824648,2826354
2826990,2827047
2827388,2827470
2828236,2830008
2830821,2830968
2831047,2831103
2832994,2833062
2834884,2834940
2835620,2835717
2836184,2836344
2839113,2839287
2840169,2840310
2840863,2841126
2843914,2844216
2847793,2847846
2854883,2854968
2860659,2860713
2861424,2861523
2862090,2862159
2862871,2863035
2863763,2863818
2864915,2864979
2875188,2875341
2876631,2876724
2879108,2879199
2884217,2884269
2886644,2886696
2886971,2887038
2889230,2889318
2889888,2889978
2893553,2893623
2895248,2895546
2897633,2897700
2898532,2899266
2900082,2900142
2901374,2901501
2902053,2902119
2903794,2903991
2909115,2909178
2912992,2913123
2916375,2916456
2919593,2919678
2922907,2923041
2924193,2924427
2927492,2927559
2928199,2928258
2930393,2930475
2932443,2932527
2933927,2933982
2934338,2934438
2935662,2935800
2937929,2938170
318,375
1872,3012
3121,4464
6030,6111
7348,7419
8065,10593
11487,11547
13814,14814
16219,17325
17790,19323
21652,23085
24950,25002
25348,25839
26412,26643
27750,27870
28153,28254
28867,28920
29042,29103
29350,29415
30321,30429
31604,31659
32197,32535
34654,35619
35802,35988
36916,37029
37930,37986
39385,40470
40705,41730
41800,43188
44234,44334
45325,46434
47405,47994
49585,49878
50514,50604
50966,51081
51775,52389
53820,53925
54235,54672
56214,56271
56542,56634
56812,57261
57548,58638
58897,60189
61723,61806
61938,62028
64144,64659
65009,65064
66160,70656
72062,72114
73703,73803
74239,75228
75522,75618
76010,76125
76262,76320
78686,78783
79300,79374
79536,79632
81658,82617
84451,84849
87284,87348
88888,94767
97286,97356
97733,98412
99052,99105
103318,103836
104134,105099
108074,108285
108503,108570
111302,111426
111835,111900
111966,112029
112851,112923
113528,113622
113815,113895
118001,118956
119060,119136
122104,122520
122795,122889
123760,124062
124495,126363
126648,126729
127673,127725
127866,127968
128634,128712
129694,130230
131398,131460
132237,132303
135798,135861
136391,136464
136655,136713
136780,136992
137323,138897
139960,140853
141052,141336
141376,141705
142480,142539
144097,144273
144397,144840
145409,145560
146849,147381
149616,149709
150232,151173
151402,151890
152833,152892
154059,154131
155805,155943
162898,162984
163116,163200
163439,164298
164365,164424
165565,165639
165761,165834
166141,166236
167086,167943
169510,172008
172116,172230
172450,172509
175486,175557
178646,178710
179720,179862
180052,180900
181007,182184
185880,187863
187957,189528
189625,190398
190466,190521
190696,191916
193417,193473
193559,193629
194455,194547
194725,194862
195793,196611
196782,197463
197512,198204
199227,199290
200971,201096
201217,202590
202782,202848
204788,204843
205819,207408
207739,209271
209470,211389
212346,212469
212824,213285
217860,217935
220762,220968
221166,221226
222597,222654
223490,223569
224027,224079
228195,228279
229720,229824
230374,230724
232993,233067
233365,233436
233491,233865
234916,234978
236268,236340
238198,238305
238436,238521
238663,238755
240164,240267
240557,240651
241382,241686
241800,242019
242414,242517
243027,243237
244219,244326
244457,244542
244684,244776
246185,246288
246578,246672
247403,247707
247821,248040
249112,249165
249541,250563
250789,250857
252336,252441
253184,253308
253465,253665
254288,254415
254707,255780
256494,256590
258739,258822
259175,259470
261349,261426
261565,261618
262657,263262
264432,264486
264654,264729
265768,265854
266303,266403
267010,267372
269067,269154
269540,269619
270855,271158
271324,272502
274492,274587
275569,275676
276212,276294
282755,282819
284365,286011
286219,287718
288955,289038
289558,289617
290202,290364
290593,291228
291447,291561
291662,291762
294739,294891
298232,298293
299302,299394
300277,300351
302172,304140
304234,304305
309032,309171
309626,310719
311830,313662
316351,316404
316728,318375
319009,319158
319421,319524
320542,321279
321495,322128
323557,323700
326149,326214
326618,326835
327941,328005
328759,328836
329923,330999
331607,332688
332989,333132
333922,333984
335620,336426
336541,337161
337394,337473
337669,337746
338614,339087
340360,340437
340736,340857
340945,341754
343873,343929
345119,345276
345847,345957
348583,349065
349401,349458
350277,351264
355643,355698
356567,356634
357290,357705
358024,358080
358183,358359
360170,360507
363274,363336
363768,363831
366508,367032
367533,367593
368706,368790
369227,369297
369408,369462
370032,370095
370446,370584
371243,371505
373617,373725
377385,377595
378744,378804
378964,379728
380324,380409
381847,381918
382016,382089
382235,382287
383710,384726
386047,386130
386780,386847
387697,388467
390773,391473
391604,391677
392126,392184
392262,392427
394628,395529
395602,396111
396767,396927
398210,398268
401383,401580
401894,402000
402187,402348
403278,403725
404917,404994
406259,406359
406827,406884
407366,407418
408792,408846
410536,410607
412830,412899
414095,414192
414480,414543
414896,415227
417243,417303
417535,417960
418891,419373
419999,420108
420335,420483
423909,424026
426241,426606
431572,431658
432026,432099
434479,434544
436099,436158
436378,436485
436821,436977
437480,438882
439009,439212
439306,439383
440153,440220
440758,441570
441746,441804
442643,442737
452524,453093
454534,456936
457021,458913
460799,460866
466517,466599
468508,468561
468617,468702
468856,468936
469370,469500
470227,470292
471512,471798
472411,472644
477530,477588
478718,478818
478983,479067
480779,480855
481250,481332
481506,481596
482105,482193
482462,482544
482713,482868
483482,483891
485349,485406
485879,486141
488796,488877
489905,489987
494011,495561
496481,497919
501436,501540
502088,502140
502221,502362
502480,502539
503188,503250
505355,506223
507883,507969
508879,508950
510722,511212
511966,512208
514712,515058
516091,516636
518597,518706
519742,519798
520426,520791
521601,521667
521858,522591
522797,522969
524986,525042
525301,525357
529231,529419
529735,529812
530515,531108
532697,532773
533066,533154
533402,533457
534307,534756
536120,536232
536716,536793
539365,539763
540309,540369
540421,541467
541688,541776
543062,543129
543183,544137
546786,546900
547520,547617
553078,554493
554954,555060
555222,555318
557373,557448
558037,558480
561481,561774
567715,567774
568887,569016
570916,571185
571715,572559
572599,572676
573737,573804
576403,577584
577629,577743
578069,578151
579953,580047
581284,581349
582241,582300
582759,582816
583921,584010
586083,586137
586711,586767
589065,589362
590324,590409
591250,591348
592560,592683
592732,592869
593616,593685
593792,593910
594092,594267
595135,595842
596570,596631
597050,597105
598525,598578
599022,599088
599971,600075
602667,602796
603159,603237
604944,605076
606297,606354
606952,607053
607372,608199
608812,609588
612678,612738
615643,615702
617072,617235
623251,624423
625045,625395
626429,628971
630629,630684
630759,630900
631042,632811
633709,634251
635930,635991
636712,636819
637373,637440
638165,638370
639541,639774
639985,640098
640300,640632
641062,641151
643845,643902
645556,645858
646034,646137
646304,646410
647587,649404
652604,652668
653041,653982
655113,655173
655996,656112
657998,658065
659069,659475
659572,660312
660398,660489
661780,662025
667754,667821
669086,669228
669317,669381
670309,672339
673436,673629
674040,674178
674410,674568
674728,674784
676886,676995
677372,677442
679617,679686
679895,679986
682722,682845
683519,683601
684287,684357
689923,690873
694032,694095
695555,695718
696883,697590
698525,698733
698785,699420
701907,702084
702577,702663
703300,703353
703944,704148
704277,704331
704452,705387
705729,705858
706339,707292
708428,708531
708745,708843
711690,711786
711835,711888
712603,713244
713512,714306
714900,714954
715038,715116
717054,717231
717670,718449
719653,720504
723549,723681
726034,726393
728624,728850
730072,730128
730516,731751
732022,733014
733083,733158
737269,737733
737989,738171
739729,740598
742276,742557
746530,747222
748198,748281
748537,749205
752915,753003
753490,755295
756693,756762
758357,758430
758656,759396
760146,760224
761552,761613
763798,764307
766351,766797
767578,767742
769639,771012
771456,771552
771956,772326
772996,773700
774371,774429
775744,776247
777891,778032
778114,778185
778540,778617
778745,779490
779875,779937
781343,781404
782100,782175
782690,782778
783901,784788
786886,787002
787045,787110
787765,787842
788642,788736
790223,790509
791008,791085
791977,792867
793777,795030
795184,796062
797823,798105
800110,800925
800965,801297
803013,803163
804382,804729
807036,807222
808299,808383
809662,809781
810985,811620
811924,813189
813525,817878
824021,824118
825727,825813
826703,826755
830920,830997
831041,833073
835939,836748
836857,836916
837548,837651
840902,840987
841268,841341
841668,841746
842679,842781
843949,846579
847551,848109
848921,848979
849313,849402
850216,851184
851472,851565
852182,852240
852719,852837
853757,853863
854443,854748
855166,855243
858499,858705
862790,862848
863548,863610
867079,868800
869490,870480
871948,872121
876121,876201
877612,877797
878017,878070
879254,879339
880027,880080
880468,880524
880693,880851
881978,882048
882803,882864
882962,883026
883200,883290
883728,883782
884170,885270
885440,885579
887524,887589
888075,888129
888684,888942
890752,890820
891277,891831
892192,892512
894657,894762
899253,899334
902429,902751
903526,903840
904078,904143
904900,904962
905961,907524
907720,907830
907979,908079
908775,908862
910516,910683
911670,911727
912427,912588
913102,913155
914187,914250
914405,914463
914607,914688
915898,915996
916047,916164
916823,916938
917164,918117
920137,920217
921141,921303
921537,921597
923161,924540
927911,928308
928641,928695
928738,929742
929820,929892
930220,930693
930989,931077
932317,933882
936253,936603
939105,939819
940316,940383
940810,941484
942148,943497
943953,944013
945520,945912
947101,947604
948442,948495
948754,950220
952318,953769
953842,955740
957800,958764
959210,959622
960748,961221
963114,963171
964367,964443
965438,965490
965622,965679
968076,968151
968382,968484
971335,971394
972065,972159
972719,972771
973137,973221
974079,974220
976191,976356
978804,978858
979762,980064
983773,983868
984327,984447
984505,984597
984903,984975
986722,987180
987272,987501
990159,990243
991810,992865
994844,994953
995210,995298
995516,995583
995787,995883
996220,996279
996396,996489
996792,996903
997280,997335
999022,999690
999905,999966
1001298,1001376
1001503,1002291
1005134,1005222
1005783,1005855
1005981,1006059
1006962,1007082
1008725,1008816
1009130,1009203
1011307,1011360
1011481,1011561
1013770,1013838
1014220,1014306
1014706,1014774
1015153,1015608
1019193,1019337
1019545,1019970
1020022,1021383
1021486,1021569
1023264,1024680
1024766,1025010
1026376,1026855
1028901,1029003
1029301,1029378
1029965,1030023
1030256,1030338
1034688,1034757
1038863,1038915
1039297,1039749
1041243,1041315
1042152,1042248
1042806,1042890
1043992,1045014
1045776,1045836
1047490,1048185
1049263,1049499
1049983,1051041
1051341,1051425
1052044,1052109
1052509,1053429
1058058,1058115
1058457,1058511
1061105,1061157
1063695,1063758
1064069,1064202
1064521,1066377
1070597,1070667
1072231,1072398
1072524,1072599
1073146,1073568
1074738,1074813
1074976,1075068
1076989,1077543
1080095,1080150
1080423,1080489
1081183,1082817
1084181,1084347
1085400,1085490
1085806,1086078
1086828,1087434
1088941,1090362
1093000,1093773
1095430,1095489
1098869,1098921
1099318,1099458
1100277,1100355
1101118,1101213
1101284,1101387
1101920,1102062
1102858,1103757
1106044,1107759
1108936,1109022
1110769,1113627
1114343,1114404
1115647,1116513
1117093,1118079
1119031,1121022
1121098,1121808
1123307,1123389
1127719,1127829
1128206,1128258
1129043,1129122
1129412,1129524
1129954,1131501
1132861,1132920
1134188,1134267
1137029,1137168
1139652,1139712
1140010,1140087
1140430,1140693
1141305,1141455
1144421,1144509
1146028,1146177
1150124,1150200
1153010,1153062
1154119,1154214
1157455,1157565
1159490,1159830
1159873,1159962
1161220,1161675
1164145,1164252
1164393,1164600
1166351,1166403
1168027,1168368
1168993,1169541
1169981,1170060
1172947,1173003
1173643,1174122
1174470,1174560
1175194,1175280
1175671,1176156
1176304,1176654
1177309,1177365
1178228,1178280
1178586,1178724
1180878,1181088
1181338,1181625
1183039,1183101
1183156,1183233
1184050,1184193
1184818,1185330
1188949,1189788
1190023,1190079
1190435,1190532
1191460,1191528
1193253,1193358
1193844,1193913
1194353,1194522
1194798,1194867
1196898,1196955
1197172,1198047
1198920,1199001
1200683,1202082
1203634,1204998
1206490,1206543
1207111,1208571
1210848,1211031
1211719,1211853
1211935,1212990
1213636,1215087
1215481,1215594
1216689,1216752
1218175,1219122
1219178,1219767
1219936,1220904
1221133,1221210
1221818,1222056
1222612,1222668
1222765,1223829
1225300,1226781
1227400,1227486
1227556,1228266
1228669,1228746
1228994,1229052
1229967,1230021
1232272,1232838
1233626,1233762
1233904,1234434
1234779,1234842
1236172,1236246
1238832,1238931
1242100,1244508
1246342,1246485
1248890,1249344
1250600,1252560
1253510,1253568
1253822,1254171
1255357,1257069
1257260,1257372
1258118,1258209
1259530,1259841
1259917,1261728
1263829,1264629
1264808,1265388
1265645,1266003
1266045,1266564
1270844,1272261
1272965,1273080
1274271,1274409
1275958,1276026
1278741,1278807
1279255,1279377
1279552,1279611
1282167,1282242
1284470,1284552
1287376,1287591
1287710,1287777
1288261,1288926
1289188,1290126
1290241,1291524
1293088,1293654
1294360,1294902
1294971,1295775
1296007,1296084
1296691,1297551
1297823,1297875
1299964,1301268
1301551,1302453
1302879,1302954
1303027,1304436
1304905,1304970
1305284,1305450
1305850,1306092
1312421,1312497
1312941,1313034
1313761,1313850
1319677,1320375
1320675,1320759
1322410,1323327
1326440,1326507
1326876,1326933
1328609,1328694
1329206,1329372
1332293,1332366
1335338,1335393
1335811,1335951
1336251,1336305
1339235,1339446
1340320,1340877
1342682,1342758
1344523,1344672
1344960,1345047
1346846,1346904
1350119,1350171
1353097,1353381
1356445,1356606
1357731,1358697
1359352,1361523
1364770,1364841
1365717,1365855
1366457,1366536
1366857,1366911
1367718,1367781
1370769,1370853
1373015,1373079
1373553,1373607
1373940,1374000
1374363,1374438
1375356,1375431
1375896,1376928
1378840,1379901
1380007,1380561
1381285,1382565
1383007,1383393
1384987,1385055
1385704,1385931
1387689,1389210
1389487,1389597
1390222,1390671
1391436,1391490
1392105,1392234
1392514,1393380
1394599,1396026
1396346,1397046
1398579,1398633
1399702,1400796
1401343,1402359
1403453,1404678
1405683,1405776
1406410,1406466
1407406,1407489
1408559,1408797
1410148,1412421
1413646,1414719
1415152,1416693
1417550,1417716
1417843,1418685
1418803,1420095
1420931,1420995
1423255,1423833
1424633,1424691
1426682,1426749
1426888,1426947
1428442,1428939
1429582,1429665
1429765,1430127
1433148,1433217
1434052,1434276
1434661,1435209
1435449,1435533
1436600,1436652
1436847,1437012
1438175,1438689
1440948,1441296
1442630,1442721
1453100,1454310
1455260,1455321
1457066,1457127
1458980,1459032
1469943,1470033
1470832,1471026
1473313,1473408
1474724,1474776
1475454,1475523
1475944,1476651
1477667,1477794
1478088,1478145
1479930,1480029
1481857,1481919
1483549,1484544
1485999,1486245
1499875,1499955
1505845,1505964
1506412,1506513
1508710,1508766
1513436,1513605
1523964,1524054
1524154,1525962
1527540,1527618
1529172,1529277
1530727,1531353
1531930,1532010
1532954,1533321
1536498,1536552
1538397,1538517
1540016,1540086
1540744,1540836
1542286,1542351
1544056,1544115
1547734,1547865
1548034,1548456
1548701,1548819
1549714,1549845
1550152,1550289
1556032,1556109
1560691,1560870
1562330,1562382
1566951,1567071
1572798,1572876
1574914,1575093
1581992,1582218
1590375,1590456
1595686,1595742
1595819,1595892
1596277,1596366
1601151,1601214
1603903,1604010
1613809,1613871
1614920,1615029
1616145,1616205
1620154,1621188
1623843,1623933
1626876,1626942
1627170,1627278
1627812,1627881
1635431,1635651
1639120,1639722
1650218,1650291
1651005,1651080
1651535,1651707
1655644,1655721
1656173,1656249
1656404,1656531
1658125,1658268
1659580,1659705
1664574,1665405
1665446,1665501
1672665,1672752
1677409,1680009
1680292,1680375
1681561,1682628
1683019,1683207
1684542,1684608
1686120,1686189
1690748,1690839
1695520,1695606
1696280,1696371
1702719,1702860
1708312,1708518
1710143,1710285
1711672,1712637
1713019,1713090
1717795,1717884
1720622,1720740
1724395,1724511
1724611,1724712
1726125,1726209
1731775,1731903
1731955,1732893
1734440,1734534
1741584,1741728
1741777,1741857
1745553,1745703
1747480,1747542
1750730,1750851
1754446,1754526
1755142,1755282
1755342,1755480
1756298,1756374
1761950,1762065
1763941,1764843
1766539,1766619
1769479,1769700
1770237,1770369
1771254,1771587
1771772,1772040
1773514,1774773
1775471,1775541
1775625,1775739
1778309,1778361
1781694,1782168
1783762,1783893
1792640,1792743
1795681,1796925
1797504,1797576
1798189,1798248
1805752,1805928
1809835,1809900
1812500,1812600
1813693,1813758
1815539,1815639
1817764,1817922
1826015,1826088
1828117,1828239
1829070,1829220
1830186,1830291
1833074,1833339
1835044,1835109
1835966,1836114
1836750,1836840
1839962,1840284
1842893,1842990
1845031,1845141
1851474,1851624
1853401,1853463
1854752,1855521
1857650,1857795
1857856,1858611
1862423,1862529
1864011,1864113
1867126,1867323
1874041,1874529
1874828,1874880
1877454,1877607
1879673,1879824
1879983,1880172
1881582,1881663
1882320,1882398
1885312,1885488
1887109,1887204
1890951,1891017
1892599,1892712
1893287,1893387
1896705,1896951
1897953,1898052
1899444,1899687
1899967,1900032
1901124,1901208
1901590,1901667
1902283,1902414
1902740,1902888
1904221,1905864
1905958,1906551
1914284,1914417
1916161,1916448
1916939,1917072
1918363,1918593
1918681,1919505
1919915,1920066
1920523,1920624
1923925,1924113
1926420,1926489
1931672,1931733
1938300,1938480
1939871,1939980
1940072,1942638
1946562,1946628
1948289,1948353
1949933,1950021
1950410,1950534
1951356,1951434
1951775,1951836
1954738,1954800
1955643,1955775
1956225,1956426
1958218,1958376
1958536,1958589
1959642,1959762
1962350,1962408
1963738,1963806
1963852,1964457
1964894,1964973
1967261,1967358
1968012,1968081
1968213,1968324
1971337,1971546
1981774,1982640
1984056,1984227
1985216,1986345
1988637,1988721
1989805,1990812
1991047,1993326
1999394,1999557
2001554,2001639
2004245,2004366
2016460,2016612
2018689,2018808
2025097,2025198
2028794,2028846
2035132,2035203
2035506,2036505
2040274,2040933
2042714,2042787
2044043,2044107
2044331,2044461
2046161,2046261
2046910,2047032
2048344,2048634
2049576,2049723
2050639,2052114
2054198,2054250
2054938,2055102
2055466,2055555
2055630,2055684
2055787,2055873
2056410,2056515
2057489,2057541
2059251,2059338
2059669,2061207
2062263,2062356
2063638,2064219
2064479,2065506
2065698,2065818
2066457,2066580
2067480,2067546
2068115,2068245
2070486,2070570
2072982,2073039
2073785,2073903
2077474,2077569
2078605,2078685
2084134,2084193
2085702,2085828
2086171,2086236
2099395,2099451
2102608,2104062
2104253,2104359
2105059,2105115
2116069,2116248
2117259,2117382
2118716,2118771
2121607,2121669
2123377,2123502
2123558,2123646
2130551,2130795
2134576,2134635
2135134,2135190
2140384,2140476
2141070,2141814
2144874,2145024
2145127,2145513
2146617,2146815
2147496,2147592
2151749,2151801
2162498,2162574
2169531,2169588
2170530,2170647
2170822,2170893
2171796,2171964
2172710,2172801
2178526,2178585
2181110,2181168
2181329,2181411
2184277,2184405
2185398,2185464
2186054,2186142
2189881,2190402
2192870,2192922
2194399,2196339
2197267,2197728
2198710,2198763
2198832,2198886
2209896,2210004
2213449,2213571
2215701,2215791
2223043,2223204
2232973,2233029
2233150,2233791
2233867,2233953
2234357,2234418
2234976,2235066
2239701,2240013
2241187,2241327
2241470,2241567
2242543,2242611
2246457,2246529
2247040,2247111
2250431,2250498
2250987,2251056
2252954,2253114
2255908,2255979
2257010,2257119
2257881,2258019
2258697,2258814
2259231,2259303
2259848,2260041
2261329,2261412
2263058,2263200
2266103,2266254
2267150,2267421
2268593,2268657
2273095,2273262
2280341,2280444
2285442,2285505
2286839,2286924
2289983,2290074
2291127,2291220
2295205,2295279
2297338,2297679
2297834,2297967
2298097,2298210
2298802,2298882
2302726,2302845
2305180,2305602
2306828,2307714
2308847,2308905
2316524,2316645
2318924,2319036
2320848,2321775
2323013,2323335
2324548,2325408
2325775,2325834
2326941,2327001
2327461,2328330
2329327,2329389
2331163,2331231
2334187,2334252
2335349,2335455
2337786,2337843
2339161,2339418
2339611,2341071
2341830,2341887
2346941,2347017
2350175,2350320
2350488,2350548
2351863,2351931
2354813,2354868
2357041,2357145
2357229,2357424
2358206,2358366
2358447,2358567
2361275,2361360
2367078,2367312
2377343,2377473
2378978,2379048
2382263,2382363
2384809,2384931
2387335,2387397
2394172,2394261
2396117,2396175
2399542,2400243
2400610,2400666
2401870,2401941
2408258,2408352
2410468,2410560
2411152,2411238
2412283,2412354
2412614,2412681
2414319,2414436
2415436,2415525
2418871,2419770
2421874,2421984
2431570,2431638
2431903,2432028
2432229,2432325
2432442,2432583
2432763,2432907
2433620,2433771
2434157,2434311
2437078,2437152
2440494,2440644
2442131,2442369
2442672,2442780
2443578,2443638
2443741,2443902
2444676,2444745
2446746,2447913
2448052,2449155
2449353,2449410
2450092,2450271
2450437,2451798
2453576,2453628
2453675,2453832
2454026,2454174
2454231,2454525
2454692,2454897
2455190,2455275
2456818,2456892
2457512,2457579
2457909,2458029
2459062,2459124
2459819,2459916
2460150,2460327
2460594,2460879
2461219,2461692
2462062,2462124
2462610,2462667
2465419,2465493
2465682,2465784
2466713,2466810
2472974,2473128
2474166,2474277
2478036,2478138
2478662,2478735
2482573,2482743
2483082,2483199
2483524,2483577
2486612,2486904
2489638,2489772
2491361,2491455
2493167,2493219
2494735,2494887
2496292,2496495
2497411,2497464
2498855,2498955
2501114,2501223
2501602,2501709
2501980,2502051
2503254,2503329
2510080,2510235
2515314,2515455
2526099,2526204
2536330,2536494
2538703,2538789
2538904,2539041
2541687,2541744
2542634,2542755
2546167,2546328
2548323,2548404
2548654,2548719
2549093,2549265
2556151,2556213
2560102,2560248
2562158,2562315
2562515,2562675
2575186,2575251
2578370,2578515
2585420,2585505
2586004,2586060
2591796,2591862
2592340,2592546
2592967,2593020
2593640,2593743
2594911,2595543
2599306,2599383
2612682,2612874
2614017,2614131
2614691,2614746
2617604,2617800
2627232,2627352
2627793,2627883
2631063,2631117
2633181,2633262
2635327,2635464
2637645,2637708
2643928,2643987
2646459,2646558
2648278,2648466
2653793,2653854
2654065,2654118
2654411,2654481
2662879,2663091
2664515,2664591
2664784,2664975
2669066,2669994
2670643,2671134
2675503,2675640
2677681,2677743
2682869,2682921
2683187,2683263
2684385,2684454
2685414,2685480
2688722,2689323
2692894,2693001
2693187,2693547
2694220,2694318
2694998,2695110
2695347,2695404
2697409,2697471
2698587,2698665
2702770,2702919
2703376,2703501
2705203,2705298
2708657,2708730
2711035,2711103
2711206,2711301
2712931,2713365
2714109,2714217
2718424,2718783
2721900,2722095
2727047,2727114
2728057,2728110
2730263,2730336
2732954,2733015
2733625,2733726
2733934,2734086
2734750,2735076
2735783,2735931
2737473,2737557
2739212,2739291
2741173,2741256
2745907,2746377
2746423,2746878
2749423,2749530
2756210,2756361
2758046,2758134
2759238,2759313
2760472,2760534
2763854,2763915
2766720,2766795
2771599,2772612
2773234,2773608
2778297,2778411
2782482,2782548
2785331,2785488
2787628,2787711
2793593,2793669
2796674,2796774
2796984,2797098
2798626,2799087
2802022,2802090
2803188,2803245
2803447,2803644
2804111,2804169
2806831,2806914
2808135,2808231
2809436,2809488
2811645,2811717
2812536,2812617
2818124,2818215
2820587,2821587
2824648,2826354
2826990,2827047
2827388,2827470
2828236,2830008
2830821,2830968
2831047,2831103
2832994,2833062
2834884,2834940
2835620,2835717
2836184,2836344
2839113,2839287
2840169,2840310
2840863,2841126
2843914,2844216
2847793,2847846
2854883,2854968
2860659,2860713
2861424,2861523
2862090,2862159
2862871,2863035
2863763,2863818
2864915,2864979
2875188,2875341
2876631,2876724
2879108,2879199
2884217,2884269
2886644,2886696
2886971,2887038
2889230,2889318
2889888,2889978
2893553,2893623
2895248,2895546
2897633,2897700
2898532,2899266
2900082,2900142
2901374,2901501
2902053,2902119
2903794,2903991
2909115,2909178
2912992,2913123
2916375,2916456
2919593,2919678
2922907,2923041
2924193,2924427
2927492,2927559
2928199,2928258
2930393,2930475
2932443,2932527
2933927,2933982
2934338,2934438
2935662,2935800
2937929,2938170
